{
  "total_length": [
    2.82698866337184,
    2.827191958024133,
    2.8273949492386987,
    2.827597642124212,
    2.8278000414590885,
    2.8280021527550696,
    2.8282039807018853,
    2.828405530344145,
    2.8286068062281515,
    2.8288078134885026,
    2.829008556520228,
    2.829209040332259,
    2.829409269441866,
    2.8296092484942084,
    2.8298089818881813,
    2.830008473619377,
    2.8302077287817045,
    2.830406751284906,
    2.830605545671812,
    2.830804116012935,
    2.8310024663567686,
    2.831200601098264,
    2.831398524274914,
    2.831596240017454,
    2.8317937523048546,
    2.8319910647979785,
    2.832188181949343,
    2.832385107361422,
    2.832581844933029,
    2.8327783985826414,
    2.832974771980372,
    2.8331709687505757,
    2.833366992905483,
    2.833562847946453,
    2.8337585373443708,
    2.8339540649574406,
    2.8341494344597242,
    2.8343446490422277,
    2.8345397126298733,
    2.834734628464744,
    2.8349293997417533,
    2.835124029922921,
    2.8353185228855877,
    2.835512881617216,
    2.8357071095039874,
    2.835901210135873,
    2.836095186716177,
    2.8362890423569547,
    2.8364827801878563,
    2.8366764038317376,
    2.836869916457081,
    2.8370633209164744,
    2.8372566203757894,
    2.8374498184146346,
    2.8376429178148768,
    2.8378359217699813,
    2.8380288334802244,
    2.8382216558852105,
    2.8384143920003613,
    2.838607045111733,
    2.8387996182503286,
    2.8389921140580854,
    2.839184535856475,
    2.839376886348458,
    2.8395691687955686,
    2.83976138596092,
    2.839953541197899,
    2.8401456369730234,
    2.840337676402361,
    2.8405296622477207,
    2.8407215976639635,
    2.840913485653866,
    2.8411053287396224,
    2.8412971300017773,
    2.8414888921491714,
    2.841680618501272,
    2.8418723116507754,
    2.84206397456264,
    2.8422556100197003,
    2.842447220787866,
    2.8426388099810276,
    2.8428303804664994,
    2.8430219347308228,
    2.843213475998322,
    2.8434050068102916,
    2.8435965300212174,
    2.843788048749556,
    2.8439795656251903,
    2.8441710836153993,
    2.8443626056536258,
    2.8445541343877023,
    2.844745672580935,
    2.8449372232587096,
    2.845128789334014,
    2.845320373552671,
    2.8455119788230543,
    2.845703607996061,
    2.845895263909377,
    2.8460869494972454,
    2.846278667914123
  ],
  "kinetic_energy": [
    3.0803220666282186e-7,
    3.0805435790140297e-7,
    3.0807647607703136e-7,
    3.080985617463545e-7,
    3.0812061543003454e-7,
    3.0814263772863774e-7,
    3.081646291531628e-7,
    3.081865902532768e-7,
    3.0820852152435047e-7,
    3.0823042352585595e-7,
    3.082522967366812e-7,
    3.082741417026056e-7,
    3.082959589158366e-7,
    3.083177488825165e-7,
    3.0833951208195446e-7,
    3.083612489495151e-7,
    3.083829600402372e-7,
    3.08404645780131e-7,
    3.084263066641891e-7,
    3.0844794313593957e-7,
    3.084695556365113e-7,
    3.0849114464478366e-7,
    3.0851271060068685e-7,
    3.085342539543111e-7,
    3.085557751392098e-7,
    3.085772745542752e-7,
    3.085987526846592e-7,
    3.086202099228917e-7,
    3.0864164669379244e-7,
    3.086630634243235e-7,
    3.086844605143849e-7,
    3.08705838358891e-7,
    3.087271973950193e-7,
    3.0874853800428233e-7,
    3.0876986056487203e-7,
    3.0879116549718313e-7,
    3.08812453201546e-7,
    3.0883372402565663e-7,
    3.0885497839717943e-7,
    3.0887621666937576e-7,
    3.0889743919036747e-7,
    3.0891864633738053e-7,
    3.0893983853289474e-7,
    3.089610161024278e-7,
    3.089821794149422e-7,
    3.090033288616057e-7,
    3.0902446479145434e-7,
    3.0904558754358155e-7,
    3.0906669745899787e-7,
    3.0908779493245417e-7,
    3.0910888030919234e-7,
    3.091299539000338e-7,
    3.0915101604993595e-7,
    3.091720671489373e-7,
    3.091931075001536e-7,
    3.0921413745154884e-7,
    3.09235157351829e-7,
    3.0925616752129713e-7,
    3.092771682885173e-7,
    3.092981600115423e-7,
    3.0931914302063397e-7,
    3.093401176036611e-7,
    3.0936108412253536e-7,
    3.0938204287177476e-7,
    3.0940299420676007e-7,
    3.094239384285636e-7,
    3.094448759025745e-7,
    3.094658068975476e-7,
    3.0948673175301367e-7,
    3.095076507699027e-7,
    3.0952856429197233e-7,
    3.095494726464088e-7,
    3.095703761080336e-7,
    3.095912750125067e-7,
    3.096121696549867e-7,
    3.0963306039716696e-7,
    3.0965394752155084e-7,
    3.0967483135120394e-7,
    3.096957121893473e-7,
    3.0971659033735804e-7,
    3.097374661345294e-7,
    3.097583398932876e-7,
    3.097792118845692e-7,
    3.0980008245970073e-7,
    3.098209518955847e-7,
    3.0984182050324944e-7,
    3.098626886224859e-7,
    3.098835565398494e-7,
    3.099044245786584e-7,
    3.0992529305854437e-7,
    3.099461622680185e-7,
    3.099670325081741e-7,
    3.099879041086609e-7,
    3.1000877738688173e-7,
    3.100296526420249e-7,
    3.100505301909904e-7,
    3.1007141034441546e-7,
    3.10092293411498e-7,
    3.101131797119567e-7,
    3.1013406958950515e-7
  ],
  "reconnection_count": 0,
  "time_points": [
    0.0,
    0.010000000000000002,
    0.02000000000000001,
    0.03000000000000002,
    0.04000000000000003,
    0.05000000000000004,
    0.060000000000000046,
    0.07000000000000005,
    0.08000000000000006,
    0.09000000000000007,
    0.10000000000000007,
    0.11000000000000008,
    0.12000000000000009,
    0.1300000000000001,
    0.1400000000000001,
    0.1500000000000001,
    0.16000000000000011,
    0.17000000000000012,
    0.18000000000000013,
    0.19000000000000014,
    0.20000000000000015,
    0.21000000000000016,
    0.22000000000000017,
    0.23000000000000018,
    0.24000000000000019,
    0.25000000000000017,
    0.2600000000000002,
    0.2700000000000002,
    0.2800000000000002,
    0.2900000000000002,
    0.3000000000000002,
    0.3100000000000002,
    0.32000000000000023,
    0.33000000000000024,
    0.34000000000000025,
    0.35000000000000026,
    0.36000000000000026,
    0.3700000000000003,
    0.3800000000000003,
    0.3900000000000003,
    0.4000000000000003,
    0.4100000000000003,
    0.4200000000000003,
    0.4300000000000003,
    0.44000000000000034,
    0.45000000000000034,
    0.46000000000000035,
    0.47000000000000036,
    0.48000000000000037,
    0.4900000000000004,
    0.5000000000000003,
    0.5100000000000003,
    0.5200000000000004,
    0.5300000000000004,
    0.5400000000000004,
    0.5500000000000004,
    0.5600000000000004,
    0.5700000000000004,
    0.5800000000000004,
    0.5900000000000004,
    0.6000000000000004,
    0.6100000000000004,
    0.6200000000000004,
    0.6300000000000004,
    0.6400000000000005,
    0.6500000000000005,
    0.6600000000000005,
    0.6700000000000005,
    0.6800000000000005,
    0.6900000000000005,
    0.7000000000000005,
    0.7100000000000005,
    0.7200000000000005,
    0.7300000000000005,
    0.7400000000000005,
    0.7500000000000006,
    0.7600000000000006,
    0.7700000000000006,
    0.7800000000000006,
    0.7900000000000006,
    0.8000000000000006,
    0.8100000000000006,
    0.8200000000000006,
    0.8300000000000006,
    0.8400000000000006,
    0.8500000000000006,
    0.8600000000000007,
    0.8700000000000007,
    0.8800000000000007,
    0.8900000000000007,
    0.9000000000000007,
    0.9100000000000007,
    0.9200000000000007,
    0.9300000000000007,
    0.9400000000000007,
    0.9500000000000007,
    0.9600000000000007,
    0.9700000000000008,
    0.9800000000000008,
    0.9900000000000008
  ]
}